City_ID,City,Country,Date,Lat,Lng,Max Temp,Humidity,Cloudiness,Wind Speed
0,Zhangye,CN,2022-02-28 21:53:51,38.9342,100.4517,26.96,29,11,5.75
1,Venado Tuerto,AR,2022-02-28 22:00:24,-33.7456,-61.9688,74.1,38,0,7.54
2,Catamarca,AR,2022-02-28 22:00:26,-28.4696,-65.7852,67.19,98,100,8.03
3,Bonthe,SL,2022-02-28 22:00:27,7.5264,-12.505,76.37,80,33,3.58
4,Tuktoyaktuk,CA,2022-02-28 21:57:40,69.4541,-133.0374,-4.95,84,4,12.3
5,Labuhan,ID,2022-02-28 22:00:29,-6.8844,112.2051,77.0,89,91,5.21
6,Bayangol,RU,2022-02-28 22:00:30,50.6977,103.4656,3.06,94,100,3.44
7,Havre-Saint-Pierre,CA,2022-02-28 22:00:31,50.2334,-63.5986,5.36,51,20,19.57
8,Saint George,US,2022-02-28 22:00:32,37.1041,-113.5841,62.64,21,0,2.06
9,Luau,AO,2022-02-28 22:00:32,-10.7073,22.2247,64.87,97,100,3.36
10,Williston,US,2022-02-28 22:00:33,48.147,-103.618,36.57,87,100,3.91
11,Vardo,NO,2022-02-28 22:00:35,70.3705,31.1107,26.8,76,100,9.24
12,Bethel,US,2022-02-28 22:00:36,41.3712,-73.414,34.0,39,4,6.02
13,Salinopolis,BR,2022-02-28 21:57:58,-0.6136,-47.3561,79.77,82,94,9.24
14,Dikson,RU,2022-02-28 22:00:37,73.5069,80.5464,-4.09,97,99,4.25
15,Lebu,CL,2022-02-28 22:00:37,-37.6167,-73.65,60.53,70,36,19.75
16,Puerto Ayora,EC,2022-02-28 22:00:38,-0.7393,-90.3518,80.55,87,83,5.01
17,Busselton,AU,2022-02-28 21:56:16,-33.65,115.3333,67.08,87,79,7.96
18,Saint-Augustin,CA,2022-02-28 22:00:38,51.226,-58.6502,7.54,81,100,19.51
19,Hermanus,ZA,2022-02-28 22:00:39,-34.4187,19.2345,67.59,87,8,2.82
20,Uddevalla,SE,2022-02-28 22:00:40,58.3478,11.9424,39.22,81,46,1.99
21,Nanortalik,GL,2022-02-28 22:00:40,60.1432,-45.2371,13.96,64,11,6.62
22,Bengkulu,ID,2022-02-28 22:00:41,-3.8004,102.2655,75.97,81,99,2.95
23,Upernavik,GL,2022-02-28 22:00:41,72.7868,-56.1549,-4.85,79,24,4.29
24,Iqaluit,CA,2022-02-28 22:00:42,63.7506,-68.5145,-23.89,90,97,7.63
25,Bluff,NZ,2022-02-28 22:00:42,-46.6,168.3333,62.8,84,100,7.27
26,Boa Vista,BR,2022-02-28 22:00:42,2.8197,-60.6733,86.79,49,78,8.68
27,Mataura,NZ,2022-02-28 22:00:43,-46.1927,168.8643,59.5,79,100,3.06
28,Albany,US,2022-02-28 21:57:01,42.6001,-73.9662,25.3,35,52,1.99
29,Egvekinot,RU,2022-02-28 22:00:44,66.3167,-179.1667,17.11,95,100,5.91
30,Atuona,PF,2022-02-28 21:59:23,-9.8,-139.0333,78.84,76,13,17.94
31,Butaritari,KI,2022-02-28 22:00:44,3.0707,172.7902,81.99,78,63,19.22
32,Cape Town,ZA,2022-02-28 21:58:46,-33.9258,18.4232,66.43,85,18,4.83
33,Saint-Philippe,RE,2022-02-28 22:00:45,-21.3585,55.7679,78.42,84,30,8.55
34,Sitka,US,2022-02-28 22:00:45,57.0531,-135.33,41.9,92,100,1.7
35,Pisco,PE,2022-02-28 22:00:46,-13.7,-76.2167,76.1,68,21,5.3
36,Yellowknife,CA,2022-02-28 22:00:06,62.456,-114.3525,0.41,75,86,8.99
37,Rikitea,PF,2022-02-28 22:00:46,-23.1203,-134.9692,78.89,69,89,1.95
38,Bow Island,CA,2022-02-28 22:00:02,49.8668,-111.3684,41.32,79,100,4.14
39,Jishou,CN,2022-02-28 22:00:47,28.3167,109.7167,51.19,88,100,9.4
40,Manikpur,IN,2022-02-28 22:00:47,25.0667,81.1167,59.14,30,0,0.72
41,Sao Joao Da Barra,BR,2022-02-28 22:00:48,-21.6403,-41.0511,77.38,83,0,14.88
42,Hasaki,JP,2022-02-28 22:00:48,35.7333,140.8333,51.55,64,4,7.78
43,Nicoya,CR,2022-02-28 22:00:49,10.1483,-85.452,92.73,29,3,10.63
44,Codrington,AU,2022-02-28 22:00:49,-38.2667,141.9667,64.96,90,100,5.66
45,Avarua,CK,2022-02-28 22:00:50,-21.2078,-159.775,84.25,74,40,10.36
46,Teluknaga,ID,2022-02-28 22:00:51,-6.0989,106.6381,76.17,100,40,6.91
47,Port Blair,IN,2022-02-28 22:01:51,11.6667,92.75,80.28,73,96,9.66
48,Ahipara,NZ,2022-02-28 22:01:51,-35.1667,173.1667,70.03,58,100,4.99
49,Torbay,CA,2022-02-28 22:01:52,47.6666,-52.7314,26.71,55,86,9.46
50,Weinan,CN,2022-02-28 22:01:52,34.5036,109.5089,40.57,28,100,3.8
51,Victoria,HK,2022-02-28 21:59:36,22.2855,114.1577,72.09,85,92,3.0
52,Hirado,JP,2022-02-28 22:01:53,33.3597,129.5531,52.39,88,96,18.25
53,Hudson Bay,CA,2022-02-28 22:01:53,52.85,-102.3842,17.47,83,100,1.07
54,Zharkovskiy,RU,2022-02-28 22:01:54,55.849,32.2697,15.15,97,9,0.54
55,Romanovo,RU,2022-02-28 22:01:54,52.6182,81.2271,5.88,98,100,5.17
56,Bari,IT,2022-02-28 22:01:54,41.1177,16.8512,43.88,82,40,11.01
57,East London,ZA,2022-02-28 22:01:55,-33.0153,27.9116,74.26,87,85,13.02
58,Veraval,IN,2022-02-28 22:01:55,20.9,70.3667,74.34,41,2,9.8
59,Nizhneivkino,RU,2022-02-28 22:01:56,58.194,49.5214,18.7,96,79,6.51
60,Kapaa,US,2022-02-28 21:57:26,22.0752,-159.319,80.11,70,87,4.0
61,Lavrentiya,RU,2022-02-28 22:01:56,65.5833,-171.0,23.67,97,97,3.42
62,Peniche,PT,2022-02-28 22:01:57,39.3558,-9.3811,55.89,82,87,4.9
63,Rehoboth,NA,2022-02-28 22:01:57,-23.3167,17.0833,71.28,26,7,1.39
64,Georgetown,MY,2022-02-28 22:01:58,5.4112,100.3354,75.63,85,95,5.35
65,Vaini,TO,2022-02-28 22:01:58,-21.2,-175.2,79.77,81,100,16.84
66,Marsa Matruh,EG,2022-02-28 22:01:58,31.3525,27.2453,58.73,83,9,2.98
67,Geraldton,AU,2022-02-28 22:01:59,-28.7667,114.6,72.36,79,91,15.55
68,Barrow,US,2022-02-28 21:58:18,71.2906,-156.7887,16.02,97,100,3.09
69,Arraial Do Cabo,BR,2022-02-28 21:57:31,-22.9661,-42.0278,78.42,82,0,23.98
70,Batagay-Alyta,RU,2022-02-28 22:01:59,67.8006,130.4114,-17.14,92,100,5.39
71,Andros Town,BS,2022-02-28 22:02:00,24.7,-77.7667,77.34,66,27,2.55
72,Saint-Pierre,RE,2022-02-28 21:53:45,-21.3393,55.4781,78.12,81,7,0.87
73,Rajnagar,IN,2022-02-28 22:02:00,24.8833,79.9167,60.51,29,0,2.71
74,Karaton,ID,2022-02-28 22:02:01,-6.3424,106.1045,73.33,94,100,4.36
75,Ushuaia,AR,2022-02-28 22:02:01,-54.8,-68.3,45.57,73,91,2.64
76,Tarko-Sale,RU,2022-02-28 22:02:02,64.9225,77.785,24.58,96,100,14.54
77,Burnie,AU,2022-02-28 22:02:02,-41.0667,145.9167,67.95,96,100,18.25
78,Grand Forks,US,2022-02-28 22:00:04,47.9417,-97.4337,24.37,89,94,7.54
79,Punta Arenas,CL,2022-02-28 21:59:04,-53.15,-70.9167,49.8,60,100,14.41
80,Yulara,AU,2022-02-28 22:02:03,-25.2406,130.9889,78.93,35,5,7.92
81,Zhanaozen,KZ,2022-02-28 22:02:03,43.3,52.8,39.04,82,9,3.18
82,Katsuura,JP,2022-02-28 22:02:04,35.1333,140.3,48.16,64,0,7.0
83,Thompson,CA,2022-02-28 22:00:06,55.7435,-97.8558,9.27,78,100,7.34
84,Rockhampton,AU,2022-02-28 22:00:38,-23.3833,150.5,78.69,83,21,1.14
85,Hobart,AU,2022-02-28 22:00:02,-42.8794,147.3294,65.43,93,100,7.72
86,Port Alfred,ZA,2022-02-28 22:02:05,-33.5906,26.891,73.63,90,78,14.32
87,Tecoanapa,MX,2022-02-28 22:02:05,16.5167,-98.75,84.79,54,4,10.54
88,San Patricio,US,2022-02-28 22:02:05,28.017,-97.5169,64.94,25,32,5.97
89,Musoma,TZ,2022-02-28 22:02:06,-1.5,33.8,75.6,64,97,2.77
90,Huancabamba,PE,2022-02-28 22:02:06,-5.2386,-79.4506,62.62,96,96,1.79
91,Henderson,US,2022-02-28 21:57:16,36.0397,-114.9819,69.85,9,0,13.24
92,Chokurdakh,RU,2022-02-28 22:02:07,70.6333,147.9167,-11.07,99,99,3.98
93,Nuuk,GL,2022-02-28 22:02:07,64.1835,-51.7216,0.37,94,99,4.56
94,Kampong Cham,KH,2022-02-28 22:02:08,11.9934,105.4635,78.82,66,82,3.11
95,Ponta Do Sol,PT,2022-02-28 22:03:08,32.6667,-17.1,63.23,76,14,4.12
96,Nettetal,DE,2022-02-28 22:03:08,51.3167,6.2833,37.45,62,3,7.31
97,Nemuro,JP,2022-02-28 22:03:09,43.3236,145.575,26.65,79,100,10.89
98,Westport,US,2022-02-28 21:59:59,41.1415,-73.3579,32.18,30,8,6.64
99,Jamestown,US,2022-02-28 22:03:09,42.097,-79.2353,27.73,65,94,2.24
100,Palanpur,IN,2022-02-28 22:03:10,24.1667,72.4333,67.3,27,0,5.32
101,Churapcha,RU,2022-02-28 22:03:10,62.0025,132.4325,-6.0,100,100,1.95
102,Rabat,MA,2022-02-28 21:59:23,33.9911,-6.8401,58.89,59,0,13.73
103,Ribeira Grande,PT,2022-02-28 22:03:11,38.5167,-28.7,60.67,71,72,10.09
104,Lata,PT,2022-02-28 22:03:11,40.1629,-8.3327,55.81,85,89,1.54
105,Hilo,US,2022-02-28 22:00:37,19.7297,-155.09,77.41,69,3,9.95
106,Tiksi,RU,2022-02-28 22:03:12,71.6872,128.8694,-21.41,100,100,3.67
107,Voh,NC,2022-02-28 22:03:12,-20.9667,164.7,82.27,85,100,7.61
108,Mana,GF,2022-02-28 22:03:13,5.6592,-53.7767,77.94,86,52,9.15
109,Bambous Virieux,MU,2022-02-28 22:03:13,-20.3428,57.7575,77.22,84,93,5.32
110,Homer,US,2022-02-28 22:03:14,59.6425,-151.5483,36.99,74,37,0.51
111,Madang,PG,2022-02-28 22:03:14,-5.2246,145.7966,75.56,93,100,3.89
112,Esperance,AU,2022-02-28 22:03:14,-33.8667,121.9,67.55,77,7,16.46
113,Broome,US,2022-02-28 22:03:15,42.2506,-75.833,19.71,75,56,3.27
114,Winston-Salem,US,2022-02-28 21:58:51,36.0999,-80.2442,53.24,45,1,3.69
115,Chuy,UY,2022-02-28 22:03:16,-33.6971,-53.4616,73.94,81,100,7.85
116,Kropotkin,RU,2022-02-28 21:59:07,45.4375,40.5756,38.84,77,86,12.62
117,Hualmay,PE,2022-02-28 22:03:16,-11.0964,-77.6139,73.71,79,100,10.74
118,Oga,IT,2022-02-28 22:03:17,46.4631,10.347,28.69,95,49,4.61
119,San Ramon,US,2022-02-28 22:00:27,37.7799,-121.978,72.81,34,30,3.49
120,Abu Kamal,SY,2022-02-28 22:03:17,34.4506,40.9171,60.73,42,50,9.78
121,Airai,TL,2022-02-28 22:03:18,-8.9266,125.4092,60.82,85,77,2.13
122,Nichinan,JP,2022-02-28 22:03:18,31.6,131.3667,48.76,66,46,6.02
123,Kenai,US,2022-02-28 22:03:18,60.5544,-151.2583,34.03,78,100,5.06
124,Kavieng,PG,2022-02-28 22:03:19,-2.5744,150.7967,81.97,77,100,8.84
125,Khatanga,RU,2022-02-28 22:03:19,71.9667,102.5,-9.0,99,97,4.36
126,Lorengau,PG,2022-02-28 22:03:20,-2.0226,147.2712,79.92,82,100,5.39
127,Nikolskoye,RU,2022-02-28 22:03:20,59.7035,30.7861,20.93,97,8,4.05
128,Qaanaaq,GL,2022-02-28 22:03:20,77.484,-69.3632,0.43,42,19,8.25
129,Sabha,LY,2022-02-28 22:03:21,27.0377,14.4283,68.54,17,71,9.8
130,Marsabit,KE,2022-02-28 22:03:21,2.3284,37.9899,72.36,43,26,9.71
131,Smithers,CA,2022-02-28 22:03:22,54.7804,-127.1743,35.92,87,100,3.44
132,Susanino,RU,2022-02-28 22:03:22,58.1461,41.5872,14.52,97,47,4.47
133,Avera,US,2022-02-28 22:03:23,33.194,-82.5271,60.3,34,35,6.46
134,Rocha,UY,2022-02-28 22:01:26,-34.4833,-54.3333,71.82,55,66,8.12
135,Derzhavinsk,KZ,2022-02-28 22:03:23,51.1,66.3167,0.27,99,83,5.61
136,Walvis Bay,NA,2022-02-28 22:03:24,-22.9575,14.5053,67.51,74,0,13.04
137,Charyshskoye,RU,2022-02-28 22:03:24,51.3978,83.5598,14.07,88,100,3.56
138,Castro,BR,2022-02-28 22:03:25,-24.7911,-50.0119,73.6,74,55,3.22
139,San Quintin,MX,2022-02-28 21:53:44,30.4833,-115.95,67.21,36,100,6.51
140,Pangnirtung,CA,2022-02-28 22:03:26,66.1451,-65.7125,-8.7,85,100,3.06
141,Vila Velha,BR,2022-02-28 21:53:13,-20.3297,-40.2925,79.14,74,0,10.63
142,Forio,IT,2022-02-28 22:03:27,40.7342,13.8646,48.7,65,97,14.99
143,Port Lincoln,AU,2022-02-28 22:04:27,-34.7333,135.8667,65.35,79,100,11.5
144,Bubaque,GW,2022-02-28 22:04:28,11.2833,-15.8333,76.6,71,13,23.35
145,Mahebourg,MU,2022-02-28 22:04:28,-20.4081,57.7,79.12,85,92,5.5
146,Damavand,IR,2022-02-28 22:04:28,35.7178,52.065,35.1,70,50,2.42
147,La Colorada,PA,2022-02-28 22:04:29,8.0167,-80.9833,88.45,35,83,14.94
148,Ferrol,ES,2022-02-28 22:03:00,43.4832,-8.2369,56.26,81,100,6.82
149,Arauca,CO,2022-02-28 22:00:29,7.0847,-70.7591,87.33,46,94,2.33
150,Zhigansk,RU,2022-02-28 22:04:29,66.7697,123.3711,-27.81,100,99,3.94
151,Minot,US,2022-02-28 22:00:00,48.2325,-101.2963,34.34,92,100,4.03
152,Carnarvon,AU,2022-02-28 22:04:30,-24.8667,113.6333,75.51,68,0,17.11
153,Batemans Bay,AU,2022-02-28 22:04:30,-35.7167,150.1833,70.09,89,100,4.79
154,Tura,IN,2022-02-28 22:04:31,25.5198,90.2201,60.12,33,0,2.95
155,Mandali,IQ,2022-02-28 22:04:31,33.7499,45.5541,59.83,47,6,6.98
156,Sao Filipe,CV,2022-02-28 22:04:31,14.8961,-24.4956,70.45,66,0,15.66
157,Clyde River,CA,2022-02-28 22:04:32,70.4692,-68.5914,-3.77,77,100,21.85
158,Bonavista,CA,2022-02-28 22:04:32,48.6499,-53.1147,25.84,68,47,8.9
159,Asau,RO,2022-02-28 22:04:32,46.4333,26.4,34.95,65,100,12.24
160,Angoche,MZ,2022-02-28 22:04:33,-16.2325,39.9086,75.7,91,82,7.9
161,Kaitangata,NZ,2022-02-28 22:04:33,-46.2817,169.8464,60.71,72,100,4.36
162,Alofi,NU,2022-02-28 22:04:34,-19.0595,-169.9187,79.92,79,100,8.93
163,Mayo,US,2022-02-28 22:04:34,38.8876,-76.5119,39.07,43,50,8.03
164,Cervo,ES,2022-02-28 22:04:34,43.6702,-7.4101,54.41,79,100,5.08
165,Najran,SA,2022-02-28 22:04:35,17.4924,44.1277,64.06,43,12,2.04
166,Nouadhibou,MR,2022-02-28 22:04:35,20.931,-17.0347,63.72,78,0,27.13
167,Tasiilaq,GL,2022-02-28 22:04:35,65.6145,-37.6368,21.36,61,100,5.32
168,Bredasdorp,ZA,2022-02-28 22:04:36,-34.5322,20.0403,64.27,89,97,3.71
169,Ust-Ilimsk,RU,2022-02-28 22:04:36,58.0006,102.6619,17.06,87,100,13.29
170,Harnosand,SE,2022-02-28 22:04:37,62.6323,17.9379,34.07,79,51,14.94
171,Baoding,CN,2022-02-28 22:04:37,38.8511,115.4903,35.19,41,0,3.49
172,Camacha,PT,2022-02-28 22:04:37,33.0833,-16.3333,59.76,72,40,11.5
173,Kaeo,NZ,2022-02-28 22:04:38,-35.1,173.7833,72.32,76,83,6.67
174,Provideniya,RU,2022-02-28 22:04:38,64.3833,-173.3,24.04,94,99,5.35
175,Mezen,RU,2022-02-28 22:04:38,65.8522,44.24,23.02,96,94,5.86
176,Sarangani,PH,2022-02-28 22:04:39,5.4033,125.4636,80.37,81,99,20.09
177,Esmeralda,CU,2022-02-28 22:04:39,21.8525,-78.1169,81.66,56,46,10.96
178,Shima,CN,2022-02-28 22:04:40,24.4478,117.8111,60.62,90,69,2.91
179,Hambantota,LK,2022-02-28 22:04:40,6.1241,81.1185,71.94,100,20,4.61
180,Requena,ES,2022-02-28 22:04:41,39.4883,-1.1004,43.77,74,4,2.26
181,Gamboma,CG,2022-02-28 22:04:41,-1.8764,15.8644,73.76,92,100,4.65
182,Shalya,RU,2022-02-28 22:04:41,57.2471,58.7298,21.49,94,88,11.65
183,Kaya,BF,2022-02-28 22:04:42,13.0917,-1.0844,88.48,14,29,6.29
184,Daloa,CI,2022-02-28 22:04:42,6.8774,-6.4502,80.85,63,68,6.04
185,Iberia,US,2022-02-28 22:04:42,29.9502,-91.7507,62.22,40,8,10.27
186,Tabou,CI,2022-02-28 22:04:43,4.423,-7.3528,79.97,85,100,6.35
187,Rovinj,HR,2022-02-28 22:03:29,45.08,13.64,39.65,44,100,13.69
188,Ocean City,US,2022-02-28 22:05:43,39.2776,-74.5746,37.72,32,0,4.59
189,Doha,QA,2022-02-28 22:05:44,25.2867,51.5333,66.18,51,0,10.36
190,Skotterud,NO,2022-02-28 22:05:44,59.9828,12.1283,37.2,90,100,11.1
191,Atikokan,CA,2022-02-28 22:05:45,48.7555,-91.6216,24.37,90,100,2.84
192,Pran Buri,TH,2022-02-28 22:05:45,12.3847,99.9098,74.84,77,24,3.69
193,Port Keats,AU,2022-02-28 22:05:46,-14.25,129.55,80.26,85,93,8.5
194,Irondale,US,2022-02-28 22:01:05,33.5382,-86.7072,57.67,37,0,5.53
195,Lumeje,AO,2022-02-28 22:05:46,-11.55,20.7833,66.63,89,100,5.23
196,Oranjestad,AW,2022-02-28 22:05:46,12.524,-70.027,79.23,84,3,20.76
197,Mar Del Plata,AR,2022-02-28 22:05:47,-38.0023,-57.5575,63.16,41,60,20.8
198,Kilindoni,TZ,2022-02-28 22:05:47,-7.9139,39.6668,80.65,78,89,7.23
199,Cidreira,BR,2022-02-28 22:05:48,-30.1811,-50.2056,74.26,93,100,5.97
200,Leh,IN,2022-02-28 22:05:48,34.1667,77.5833,9.54,66,93,1.48
201,Adrar,MR,2022-02-28 22:05:49,20.5022,-10.0711,71.13,31,0,8.7
202,Scarborough,GB,2022-02-28 22:05:49,54.2797,-0.4044,45.66,91,100,7.9
203,Zavodouspenskoye,RU,2022-02-28 22:05:49,56.8626,65.0155,26.49,84,83,12.01
204,Narsaq,GL,2022-02-28 22:05:50,60.9167,-46.05,9.0,94,100,4.05
205,Matay,EG,2022-02-28 22:05:50,28.419,30.7792,59.49,40,0,8.21
206,San Andres,CO,2022-02-28 22:05:51,12.5847,-81.7006,80.11,69,20,16.24
207,Toora-Khem,RU,2022-02-28 22:05:51,52.4675,96.11,0.91,97,100,0.98
208,Uji,JP,2022-02-28 22:05:51,34.8833,135.8,42.75,60,55,1.95
209,Carson City,US,2022-02-28 22:05:52,39.1638,-119.7674,58.68,31,50,2.57
210,Tha Chang,TH,2022-02-28 22:05:52,9.2642,99.1922,76.87,87,62,8.61
211,Camana,PE,2022-02-28 22:05:53,-16.6228,-72.7111,72.97,84,92,6.6
212,Kichera,RU,2022-02-28 22:05:53,55.9375,110.0997,11.44,96,100,2.15
213,Colares,PT,2022-02-28 22:05:53,38.7992,-9.4469,60.33,58,97,8.99
214,Dombarovskiy,RU,2022-02-28 22:05:54,50.7587,59.5386,15.04,90,100,4.94
215,Shetpe,KZ,2022-02-28 22:05:54,44.1667,52.1167,37.69,83,11,1.5
216,Tuatapere,NZ,2022-02-28 22:05:55,-46.1333,167.6833,62.82,88,100,6.6
217,Ixtapa,MX,2022-02-28 22:05:55,20.7,-105.2,84.36,41,4,7.94
218,Pidhorodna,UA,2022-02-28 22:05:56,48.107,30.8895,32.02,78,100,13.56
219,Port Elizabeth,ZA,2022-02-28 22:05:56,-33.918,25.5701,71.91,93,98,8.86
220,Severo-Kurilsk,RU,2022-02-28 22:05:57,50.6789,156.125,25.47,80,100,26.37
221,Port Hardy,CA,2022-02-28 22:05:57,50.6996,-127.4199,46.76,87,100,7.29
222,Mtambile,TZ,2022-02-28 22:05:57,-5.3833,39.7,78.89,81,43,8.59
223,Kodiak,US,2022-02-28 22:05:58,57.79,-152.4072,37.63,68,55,8.88
224,Chapais,CA,2022-02-28 22:02:48,49.7834,-74.8492,4.66,83,100,7.11
225,Saskylakh,RU,2022-02-28 22:05:58,71.9167,114.0833,-27.51,100,85,3.85
226,Basco,PH,2022-02-28 22:05:58,20.4487,121.9702,74.61,74,48,18.01
227,Cabo San Lucas,MX,2022-02-28 22:05:51,22.8909,-109.9124,81.52,47,0,8.05
228,Dubai,AE,2022-02-28 22:02:45,25.2582,55.3047,70.79,67,0,9.51
229,Castlegar,CA,2022-02-28 22:05:59,49.2998,-117.6689,41.29,100,100,2.08
230,Norman Wells,CA,2022-02-28 22:05:59,65.282,-126.8329,3.52,87,31,9.15
231,Porto Novo,BJ,2022-02-28 22:06:00,6.4965,2.6036,81.16,82,43,9.35
232,Maniitsoq,GL,2022-02-28 22:06:00,65.4167,-52.9,-5.85,98,100,4.45
233,Mocuba,MZ,2022-02-28 22:06:01,-16.8392,36.9856,70.79,97,66,1.97
234,Tual,ID,2022-02-28 22:07:01,-5.6667,132.75,83.61,75,100,9.84
235,Alice Springs,AU,2022-02-28 22:07:02,-23.7,133.8833,67.55,77,69,0.0
236,Rawson,AR,2022-02-28 22:07:02,-43.3002,-65.1023,66.78,23,69,11.61
237,Mitsamiouli,KM,2022-02-28 22:07:02,-11.3847,43.2844,81.41,82,97,7.63
238,Portland,US,2022-02-28 22:06:43,45.5234,-122.6762,56.55,91,100,15.77
239,Zeya,RU,2022-02-28 22:07:03,53.75,127.2667,-6.43,92,16,3.91
240,Tessalit,ML,2022-02-28 22:02:13,20.1986,1.0114,78.13,6,39,9.48
241,Lasa,IT,2022-02-28 22:07:04,46.6166,10.7002,23.67,84,15,6.2
242,Mianyang,CN,2022-02-28 22:07:04,31.4593,104.7542,48.29,57,100,5.66
243,Saldanha,ZA,2022-02-28 22:07:04,-33.0117,17.9442,63.73,90,0,8.01
244,Zyryanka,RU,2022-02-28 22:07:05,65.75,150.85,-4.18,97,100,9.8
245,Umm Lajj,SA,2022-02-28 22:05:54,25.0213,37.2685,70.54,62,78,10.83
246,Poya,NC,2022-02-28 22:07:05,-21.35,165.15,83.08,81,100,7.52
247,Belmonte,BR,2022-02-28 22:07:06,-15.8631,-38.8828,77.88,77,29,6.89
248,Buritizeiro,BR,2022-02-28 22:07:06,-17.3511,-44.9622,76.08,60,41,2.26
249,Atar,MR,2022-02-28 22:07:07,20.5169,-13.0499,68.22,36,0,7.92
250,Riyadh,SA,2022-02-28 22:07:07,24.6877,46.7219,61.77,30,0,7.27
251,Vao,NC,2022-02-28 22:06:15,-22.6667,167.4833,79.84,88,100,21.72
252,Piacabucu,BR,2022-02-28 22:07:08,-10.4056,-36.4344,80.24,74,10,9.66
253,Shieli,KZ,2022-02-28 22:07:08,44.1667,66.75,45.66,84,100,15.35
254,Iskateley,RU,2022-02-28 22:07:09,67.6803,53.1512,18.54,81,78,23.02
255,Bassila,BJ,2022-02-28 22:07:09,9.0081,1.6654,86.29,30,10,3.22
256,Akureyri,IS,2022-02-28 22:07:09,65.6835,-18.0878,35.46,98,100,4.52
257,Strelka,RU,2022-02-28 22:07:10,58.0728,93.0344,0.59,100,74,2.42
258,Beya,RU,2022-02-28 22:07:10,53.0533,90.9139,21.34,87,100,4.68
259,Belyy Yar,RU,2022-02-28 22:07:11,53.6039,91.3903,15.22,96,100,0.16
260,Quatre Cocos,MU,2022-02-28 22:07:11,-20.2078,57.7625,78.84,85,97,5.21
261,Makakilo City,US,2022-02-28 22:07:11,21.3469,-158.0858,76.28,60,47,3.69
262,Fuyang,CN,2022-02-28 22:07:12,32.9,115.8167,48.97,28,45,12.95
263,Port Moresby,PG,2022-02-28 22:07:12,-9.4431,147.1797,77.86,84,100,12.55
264,Sola,VU,2022-02-28 22:07:13,-13.8833,167.55,79.99,79,100,18.66
265,Tortoli,IT,2022-02-28 22:07:13,39.9256,9.6572,44.28,74,4,4.56
266,Kamoke,PK,2022-02-28 22:07:13,31.9744,74.2244,57.33,65,97,5.32
267,Port Augusta,AU,2022-02-28 22:07:14,-32.5,137.7667,71.71,68,0,7.52
268,Talcahuano,CL,2022-02-28 22:07:14,-36.7167,-73.1167,67.68,56,0,19.57
269,Sampit,ID,2022-02-28 22:07:15,-2.5333,112.95,73.42,98,100,1.61
270,Bartica,GY,2022-02-28 22:07:15,6.4,-58.6167,78.91,76,80,6.31
271,Dingle,PH,2022-02-28 22:07:15,10.9995,122.6711,73.85,94,40,8.14
272,Longyearbyen,SJ,2022-02-28 22:07:16,78.2186,15.6401,4.84,85,40,6.91
273,Kotagiri,IN,2022-02-28 22:07:16,11.4333,76.8833,53.15,74,6,2.84
274,Faanui,PF,2022-02-28 22:07:17,-16.4833,-151.75,82.02,74,97,15.61
275,Kodinar,IN,2022-02-28 22:07:17,20.7903,70.7031,74.1,36,1,8.84
276,San Miguel,SV,2022-02-28 22:07:08,13.4833,-88.1833,91.89,31,84,8.1
277,Paamiut,GL,2022-02-28 22:07:18,61.994,-49.6678,10.08,81,100,7.2
278,Dryden,CA,2022-02-28 22:05:34,49.7833,-92.7503,23.61,88,100,2.66
279,Eyl,SO,2022-02-28 22:07:18,7.9803,49.8164,75.65,72,100,15.3
280,Tateyama,JP,2022-02-28 22:07:19,34.9833,139.8667,49.44,61,0,3.11
281,Caravelas,BR,2022-02-28 22:07:19,-17.7125,-39.2481,75.79,78,0,5.3
282,Gympie,AU,2022-02-28 22:08:20,-26.1898,152.665,72.84,88,59,3.2
283,Bandar,ID,2022-02-28 22:08:20,2.05,99.75,72.57,99,100,1.23
284,Oxford,GB,2022-02-28 22:04:17,51.7522,-1.256,49.17,96,100,9.8
285,Tautira,PF,2022-02-28 22:08:21,-17.7333,-149.15,81.37,75,60,14.0
286,Ostrovnoy,RU,2022-02-28 22:08:22,68.0531,39.5131,17.22,95,74,6.89
287,Imbituba,BR,2022-02-28 22:07:44,-28.24,-48.6703,76.95,94,100,3.6
288,Touros,BR,2022-02-28 22:08:22,-5.1989,-35.4608,80.87,76,97,12.28
289,Viedma,AR,2022-02-28 22:08:22,-40.8135,-62.9967,63.93,27,6,9.82
290,Zapolyarnyy,RU,2022-02-28 22:08:23,69.4154,30.8136,25.88,91,100,6.91
291,Akdepe,TM,2022-02-28 22:08:23,42.0551,59.3788,46.44,78,100,6.64
292,Teacapan,MX,2022-02-28 22:08:24,22.55,-105.75,76.66,59,33,8.97
293,Concarneau,FR,2022-02-28 22:08:24,47.875,-3.9225,51.53,96,100,10.85
294,Sovetskiy,RU,2022-02-28 22:08:25,61.3614,63.5842,27.84,77,70,15.93
295,Yar-Sale,RU,2022-02-28 22:08:25,66.8333,70.8333,24.37,92,99,15.99
296,Broken Hill,AU,2022-02-28 22:08:25,-31.95,141.4333,69.8,67,2,10.6
297,Mount Isa,AU,2022-02-28 22:08:26,-20.7333,139.5,88.93,28,16,12.82
298,Namatanai,PG,2022-02-28 22:08:26,-3.6667,152.4333,80.1,80,100,4.25
299,Meulaboh,ID,2022-02-28 22:07:16,4.1363,96.1285,74.32,95,100,5.55
300,Otradnoye,RU,2022-02-28 22:08:27,59.7775,30.8181,28.45,97,8,4.07
301,Souillac,MU,2022-02-28 22:08:27,-20.5167,57.5167,78.03,89,99,5.64
302,New Norfolk,AU,2022-02-28 22:08:28,-42.7826,147.0587,65.91,90,100,1.01
303,Humaita,BR,2022-02-28 22:08:28,-7.5061,-63.0208,75.87,95,99,2.04
304,Srednekolymsk,RU,2022-02-28 22:08:28,67.45,153.6833,-4.34,99,100,6.58
305,Cairns,AU,2022-02-28 22:08:29,-16.9167,145.7667,85.06,85,75,1.14
306,Kendari,ID,2022-02-28 22:08:29,-3.945,122.4989,74.89,92,72,2.33
307,Poum,NC,2022-02-28 22:08:30,-20.2333,164.0167,82.71,82,100,19.8
308,Bukachacha,RU,2022-02-28 22:08:30,52.9833,116.9167,-3.89,100,91,2.48
309,Teknaf,BD,2022-02-28 22:08:31,20.8624,92.3058,70.0,64,70,10.29
310,Mbigou,GA,2022-02-28 22:08:31,-1.9005,11.906,67.84,99,65,1.95
311,Taltal,CL,2022-02-28 22:08:32,-25.4,-70.4833,67.08,78,27,2.3
312,Barcelos,PT,2022-02-28 22:08:32,41.5388,-8.6151,52.83,80,100,1.57
313,Kirakira,SB,2022-02-28 22:08:32,-10.4544,161.9205,80.22,84,100,5.88
314,Honiara,SB,2022-02-28 22:08:33,-9.4333,159.95,79.34,80,100,0.56
315,Buala,SB,2022-02-28 22:08:33,-8.145,159.5921,81.16,81,97,2.37
316,Terrasini,IT,2022-02-28 22:08:34,38.146,13.0844,48.81,72,81,7.49
317,Roald,NO,2022-02-28 22:08:34,62.5833,6.1333,41.85,69,100,13.49
318,Beyneu,KZ,2022-02-28 22:08:35,45.3167,55.2,42.1,87,100,10.11
319,Havelock,US,2022-02-28 22:08:35,34.8791,-76.9013,51.06,57,5,11.54
320,Margate,GB,2022-02-28 22:08:35,51.3813,1.3862,47.61,75,100,17.18
321,Port Hedland,AU,2022-02-28 22:08:36,-20.3167,118.5667,85.39,73,98,10.13
322,Port-Gentil,GA,2022-02-28 22:08:36,-0.7193,8.7815,81.82,78,100,10.78
323,Verkhnevilyuysk,RU,2022-02-28 22:08:36,63.4453,120.3167,-23.71,100,100,1.86
324,Lannion,FR,2022-02-28 22:08:37,48.75,-3.4167,51.78,89,100,8.05
325,Kupang,ID,2022-02-28 22:08:37,-10.1667,123.5833,78.35,85,100,9.53
326,Harlingen,US,2022-02-28 22:05:24,26.1906,-97.6961,71.35,40,0,11.5
327,Aquiraz,BR,2022-02-28 22:09:38,-3.9014,-38.3911,79.79,77,100,10.22
328,Isangel,VU,2022-02-28 22:09:38,-19.55,169.2667,84.31,79,100,13.8
329,Kharan,PK,2022-02-28 22:09:39,28.5833,65.4167,63.7,45,1,1.16
330,Pevek,RU,2022-02-28 22:09:39,69.7008,170.3133,4.44,94,100,6.15
331,Le Port,RE,2022-02-28 22:09:39,-20.9373,55.2919,78.76,79,2,8.05
332,Lebork,PL,2022-02-28 22:09:40,54.5392,17.7501,32.92,61,1,5.01
333,Prince Rupert,CA,2022-02-28 22:09:40,54.3161,-130.3201,40.73,93,100,3.74
334,Pacific Grove,US,2022-02-28 22:09:41,36.6177,-121.9166,62.67,54,5,7.76
335,Raudeberg,NO,2022-02-28 22:09:41,61.9875,5.1352,38.89,92,100,25.93
336,Hami,CN,2022-02-28 22:09:42,42.8,93.45,31.24,16,0,4.85
337,San Borja,BO,2022-02-28 22:09:42,-14.8167,-66.85,85.39,69,80,4.54
338,Pacifica,US,2022-02-28 22:09:42,37.6138,-122.4869,62.82,52,29,8.21
339,San Juan,AR,2022-02-28 22:06:49,-31.5375,-68.5364,84.92,21,0,12.19
340,San Vicente,AR,2022-02-28 22:09:43,-26.6167,-54.1333,80.13,62,81,4.63
341,Mount Gambier,AU,2022-02-28 22:09:43,-37.8333,140.7667,63.0,94,100,4.65
342,Hurghada,EG,2022-02-28 22:07:32,27.2574,33.8129,64.51,33,26,13.87
343,Weyburn,CA,2022-02-28 22:09:44,49.6668,-103.8511,19.8,91,100,3.78
344,Taylor,US,2022-02-28 22:05:57,32.3001,-99.8337,63.39,16,98,7.16
345,Zavodoukovsk,RU,2022-02-28 22:09:44,56.5042,66.5515,31.46,86,93,17.34
346,Corn Island,NI,2022-02-28 22:09:45,12.1694,-83.0418,79.9,70,7,13.42
347,Garowe,SO,2022-02-28 22:09:46,8.4054,48.4845,69.06,72,91,12.84
348,Sikasso,ML,2022-02-28 22:09:46,10.9167,-7.0,84.45,43,25,4.68
349,Manokwari,ID,2022-02-28 22:09:46,-0.8667,134.0833,77.52,82,100,5.41
350,Camacupa,AO,2022-02-28 22:09:47,-12.0167,17.4833,62.31,92,78,2.71
351,Waipawa,NZ,2022-02-28 22:09:47,-41.4122,175.5153,59.52,62,76,3.38
352,Bagdarin,RU,2022-02-28 22:09:48,54.4333,113.6,-4.92,96,98,3.89
353,Mahajanga,MG,2022-02-28 22:09:48,-15.7167,46.3167,78.49,82,99,4.23
354,Hithadhoo,MV,2022-02-28 22:06:13,-0.6,73.0833,82.72,72,19,8.99
355,Flinders,AU,2022-02-28 22:09:49,-34.5833,150.8552,70.07,89,85,9.26
356,Kungurtug,RU,2022-02-28 22:09:49,50.5994,97.5228,-2.07,92,100,1.81
357,Tres Picos,MX,2022-02-28 22:09:50,15.8667,-93.5333,92.57,35,1,11.74
358,Pozo Colorado,PY,2022-02-28 22:09:50,-23.4923,-58.7972,96.06,34,100,3.71
359,Dunedin,NZ,2022-02-28 22:09:50,-45.8742,170.5036,62.8,66,100,3.0
360,Mehamn,NO,2022-02-28 22:09:51,71.0357,27.8492,26.91,88,100,8.75
361,Samana,DO,2022-02-28 22:09:51,19.2056,-69.3369,77.86,75,6,8.25
362,Itapicuru,BR,2022-02-28 22:09:52,-11.3167,-38.2333,78.58,63,12,15.79
363,Aklavik,CA,2022-02-28 22:09:52,68.2191,-135.0107,-5.6,92,9,15.14
364,Te Anau,NZ,2022-02-28 22:09:53,-45.4167,167.7167,61.86,81,98,0.89
365,Yumen,CN,2022-02-28 22:09:53,40.2833,97.2,21.49,44,12,5.82
366,Prainha,BR,2022-02-28 22:09:53,-1.8,-53.48,78.26,82,79,3.78
367,Leningradskiy,RU,2022-02-28 22:09:54,69.3833,178.4167,10.87,85,99,4.63
368,Byron Bay,AU,2022-02-28 22:09:54,-28.65,153.6167,76.87,89,94,12.48
369,Pemangkat,ID,2022-02-28 22:07:17,1.1667,108.9667,77.38,91,100,8.43
370,Grindavik,IS,2022-02-28 22:09:36,63.8424,-22.4338,35.76,85,100,37.78
371,Lagoa,PT,2022-02-28 22:07:09,39.05,-27.9833,58.48,66,59,5.23
372,Sibolga,ID,2022-02-28 22:10:55,1.7427,98.7792,74.7,95,100,3.18
373,Labytnangi,RU,2022-02-28 22:10:56,66.6572,66.4183,29.61,84,100,16.73
374,Mahanoro,MG,2022-02-28 22:10:56,-19.9,48.8,74.41,92,33,2.75
375,Keffi,NG,2022-02-28 22:10:57,8.8486,7.8736,84.56,19,2,3.53
376,Iracoubo,GF,2022-02-28 22:10:57,5.4802,-53.2011,77.61,87,38,10.92
377,Praia Da Vitoria,PT,2022-02-28 22:10:57,38.7333,-27.0667,58.55,70,47,0.11
378,Los Llanos De Aridane,ES,2022-02-28 22:10:58,28.6585,-17.9182,62.35,68,75,23.02
379,Kitui,KE,2022-02-28 22:09:14,-1.367,38.0106,67.32,67,43,6.33
380,Kimbe,PG,2022-02-28 22:10:58,-5.5502,150.1429,78.13,89,100,3.4
381,Reconquista,AR,2022-02-28 22:06:18,-29.15,-59.65,72.81,85,100,15.79
382,Pemba,MZ,2022-02-28 22:10:59,-12.974,40.5178,77.76,85,100,6.4
383,Giyon,ET,2022-02-28 22:11:00,8.5333,37.9833,62.78,63,93,8.5
384,Richards Bay,ZA,2022-02-28 22:11:00,-28.783,32.0377,75.4,82,98,5.75
385,Mitu,CO,2022-02-28 22:11:00,1.1983,-70.1733,73.04,96,99,0.38
386,Rockingham,US,2022-02-28 22:09:29,42.9668,-71.0995,20.77,55,11,8.86
387,Camalu,MX,2022-02-28 22:11:01,30.85,-116.0667,69.13,29,100,6.91
388,Pacsa,HU,2022-02-28 22:11:01,46.7198,17.014,31.87,74,85,11.61
389,Zabid,YE,2022-02-28 22:11:02,14.1951,43.3152,77.49,77,10,3.98
390,Dire,ML,2022-02-28 22:11:02,12.2833,-10.9667,85.06,20,17,2.15
391,Bagan,RU,2022-02-28 22:11:03,54.1001,77.6646,10.49,97,100,5.03
392,Maceio,BR,2022-02-28 22:11:03,-9.6658,-35.7353,80.04,78,75,5.75
393,Henties Bay,NA,2022-02-28 22:11:04,-22.116,14.2845,65.48,82,0,3.4
394,Shimoda,JP,2022-02-28 22:11:04,34.6667,138.95,49.23,60,1,12.41
395,Tilichiki,RU,2022-02-28 22:11:05,60.4667,166.1,7.16,95,99,5.23
396,Buraydah,SA,2022-02-28 22:11:05,26.326,43.975,61.75,32,1,9.13
397,Luancheng,CN,2022-02-28 22:11:06,37.8792,114.6517,38.57,36,93,5.55
398,Wamba,NG,2022-02-28 22:08:23,8.9333,8.6,79.63,16,8,4.83
399,Bathsheba,BB,2022-02-28 22:11:06,13.2167,-59.5167,78.4,77,100,15.9
400,Nouakchott,MR,2022-02-28 22:11:07,18.0858,-15.9785,64.33,85,0,21.05
401,Sechura,PE,2022-02-28 22:11:07,-5.5569,-80.8222,77.99,67,52,16.31
402,Kudahuvadhoo,MV,2022-02-28 22:07:26,2.6708,72.8944,83.03,69,86,16.75
403,Save,BJ,2022-02-28 22:11:08,8.0425,2.486,85.64,58,68,9.08
404,Ginda,IN,2022-02-28 22:11:08,30.6945,78.4932,44.01,43,92,7.07
405,Sisimiut,GL,2022-02-28 22:11:09,66.9395,-53.6735,-4.81,92,91,3.4
406,Beringovskiy,RU,2022-02-28 22:11:09,63.05,179.3167,16.54,95,99,8.77
407,Havoysund,NO,2022-02-28 22:11:10,70.9963,24.6622,34.68,83,100,8.46
408,Montevideo,UY,2022-02-28 22:11:10,-34.8335,-56.1674,74.57,48,0,11.52
409,Edea,CM,2022-02-28 22:11:11,3.8,10.1333,79.65,84,68,3.83
410,Afantou,GR,2022-02-28 22:11:11,36.2935,28.1623,54.9,70,100,6.11
411,Visnes,NO,2022-02-28 22:11:12,59.3556,5.2242,40.21,95,100,32.99
412,Businga,CD,2022-02-28 22:11:12,3.3333,20.8833,75.49,32,9,2.57
413,Brooks,CA,2022-02-28 22:11:13,50.5834,-111.8851,31.17,88,100,8.93
414,Hofn,IS,2022-02-28 22:11:13,64.2539,-15.2082,38.75,75,78,22.26
415,Dovolnoye,RU,2022-02-28 22:11:13,54.4958,79.6671,1.18,100,98,6.08
416,Uvat,RU,2022-02-28 22:11:14,59.1433,68.8953,26.2,85,100,13.89
417,Half Moon Bay,US,2022-02-28 22:12:14,37.4636,-122.4286,63.75,51,44,10.13
418,Kamaishi,JP,2022-02-28 22:12:15,39.2667,141.8833,37.04,54,78,5.68
419,Alto Araguaia,BR,2022-02-28 22:12:15,-17.3147,-53.2153,75.2,78,66,5.19
420,Lunenburg,CA,2022-02-28 22:12:16,44.3835,-64.3155,15.96,68,99,17.47
421,Changji,CN,2022-02-28 22:12:16,44.0167,87.3167,18.39,79,23,2.24
422,Koumac,NC,2022-02-28 22:12:17,-20.5667,164.2833,82.45,83,100,10.87
423,Parrsboro,CA,2022-02-28 22:12:17,45.4001,-64.332,14.92,63,99,18.9
424,Gat,IL,2022-02-28 22:12:17,31.61,34.7642,57.4,100,33,2.95
425,Tanete,ID,2022-02-28 22:12:18,-3.9443,119.7848,73.99,96,34,0.94
426,Morondava,MG,2022-02-28 22:12:19,-20.2833,44.2833,79.43,86,100,11.68
427,Urengoy,RU,2022-02-28 22:12:19,65.9667,78.3667,21.43,95,100,9.42
428,Blagoyevo,RU,2022-02-28 22:12:20,63.3667,47.9167,31.55,89,90,10.18
429,Sao Felix Do Xingu,BR,2022-02-28 22:12:20,-6.6447,-51.995,76.35,90,91,1.72
430,Manaquiri,BR,2022-02-28 22:12:20,-3.3167,-60.35,77.58,93,95,2.62
431,Baiyin,CN,2022-02-28 22:12:21,36.5583,104.2081,22.08,34,6,0.67
432,Awbari,LY,2022-02-28 22:12:21,26.5921,12.7805,68.63,16,99,11.05
433,Darnah,LY,2022-02-28 22:12:22,32.767,22.6367,57.61,82,100,10.51
434,Shanhetun,CN,2022-02-28 22:12:22,44.7,127.2,11.37,95,75,7.23
435,Cerrito,CO,2022-02-28 22:12:22,6.8432,-72.694,55.6,97,100,1.28
436,Huanren,CN,2022-02-28 22:12:23,41.2647,125.3667,22.1,97,89,4.32
437,Carangola,BR,2022-02-28 22:12:23,-20.7331,-42.0294,70.39,85,11,3.74
438,Oblivskaya,RU,2022-02-28 22:12:24,48.5362,42.5014,35.58,97,100,6.31
439,Sangar,RU,2022-02-28 22:12:24,63.9242,127.4739,-14.37,97,100,2.77
440,Ushibuka,JP,2022-02-28 22:12:24,32.1906,130.0228,55.62,75,100,13.44
441,Bandarbeyla,SO,2022-02-28 22:12:25,9.4942,50.8122,76.46,70,95,15.35
442,Padang,ID,2022-02-28 22:12:25,-0.9492,100.3543,77.04,86,100,3.0
443,Vagamo,NO,2022-02-28 22:12:26,61.8751,9.0967,18.84,95,100,3.53
444,Shingu,JP,2022-02-28 22:08:20,33.7333,135.9833,45.7,79,3,4.94
445,Wanning,CN,2022-02-28 22:12:26,18.8003,110.3967,66.42,92,70,3.56
446,Yarada,IN,2022-02-28 22:12:27,17.65,83.2667,73.98,60,70,3.56
447,Pili,PH,2022-02-28 22:12:27,13.5833,123.3,72.82,92,49,5.26
448,Kailua,US,2022-02-28 22:12:28,21.4022,-157.7394,80.58,76,92,4.0
449,Boende,CD,2022-02-28 22:12:28,-0.2167,20.8667,76.41,76,100,2.39
450,Bundaberg,AU,2022-02-28 22:12:29,-24.85,152.35,77.56,76,4,7.54
451,Porto Franco,BR,2022-02-28 22:12:29,-6.3383,-47.3992,75.78,89,75,3.42
452,Maba,CN,2022-02-28 22:12:29,24.6841,113.5984,61.81,90,99,0.27
453,Ilulissat,GL,2022-02-28 22:12:30,69.2167,-51.1,19.89,58,100,11.52
454,Lethem,GY,2022-02-28 22:12:30,3.3803,-59.7968,85.14,51,70,8.39
455,Apodi,BR,2022-02-28 22:12:31,-5.6642,-37.7989,82.69,59,87,15.12
456,Buin,CL,2022-02-28 22:12:31,-33.7333,-70.75,84.97,11,0,6.78
457,Merauke,ID,2022-02-28 22:12:32,-8.4667,140.3333,81.32,79,13,9.51
458,Faya,SA,2022-02-28 22:12:32,18.3851,42.4509,59.16,60,21,1.14
459,Ust-Nera,RU,2022-02-28 22:12:32,64.5667,143.2,-11.51,99,99,6.33
460,Troitskoye,RU,2022-02-28 22:12:33,52.9821,84.6757,9.77,95,100,5.01
461,Ridgecrest,US,2022-02-28 22:12:33,35.6225,-117.6709,70.77,10,0,2.71
462,Genhe,CN,2022-02-28 22:12:34,50.7833,121.5167,-3.89,100,100,2.8
463,Soyo,AO,2022-02-28 22:13:34,-6.1349,12.3689,81.37,86,100,5.55
464,Bad Salzungen,DE,2022-02-28 22:13:35,50.8167,10.2333,30.94,62,0,4.94
465,Kars,TR,2022-02-28 22:13:35,40.602,43.095,34.25,80,75,5.75
466,Piombino,IT,2022-02-28 22:13:35,42.9348,10.5221,47.57,55,0,1.99
467,Snyder,US,2022-02-28 22:12:40,32.7179,-100.9176,68.14,10,0,8.05
468,Kutulik,RU,2022-02-28 22:13:36,53.3508,102.7839,21.42,80,100,11.12
469,Talaya,RU,2022-02-28 22:13:36,61.3833,152.75,-8.75,98,100,3.87
470,Cherskiy,RU,2022-02-28 22:13:37,68.75,161.3,0.39,97,100,7.85
471,Mamlyutka,KZ,2022-02-28 22:13:37,54.9375,68.5394,25.23,89,98,14.58
472,Luderitz,NA,2022-02-28 22:13:38,-26.6481,15.1594,66.11,78,0,9.04
473,Ambulu,ID,2022-02-28 22:13:38,-8.345,113.6058,74.91,87,100,3.76
474,Ancud,CL,2022-02-28 22:13:38,-41.8697,-73.8203,57.97,75,96,10.63
475,Esmeraldas,BR,2022-02-28 22:13:39,-19.7625,-44.3139,69.58,81,11,4.99
476,Contamana,PE,2022-02-28 22:13:39,-7.3333,-75.0167,80.24,81,98,2.86
477,Maningrida,AU,2022-02-28 22:13:40,-12.0667,134.2667,78.46,89,45,9.17
478,Xinpu,CN,2022-02-28 22:13:40,34.5997,119.1594,46.8,51,33,13.42
479,Ponta Delgada,PT,2022-02-28 22:13:41,37.7333,-25.6667,60.33,88,93,5.14
480,Constitucion,CL,2022-02-28 22:13:41,-35.3333,-72.4167,68.16,56,0,21.54
481,Olivet,FR,2022-02-28 22:13:42,47.8622,1.8991,40.35,57,41,2.95
482,Provost,CA,2022-02-28 22:13:42,52.3501,-110.2683,22.51,90,93,6.15
483,Muhororo,UG,2022-02-28 22:13:42,0.9381,30.7594,64.27,88,34,2.62
484,Gaoua,BF,2022-02-28 22:13:43,10.2992,-3.2508,88.03,37,96,2.95
485,Vila Franca Do Campo,PT,2022-02-28 22:13:43,37.7167,-25.4333,59.99,92,96,4.23
486,College,US,2022-02-28 22:13:44,64.8569,-147.8028,20.08,83,100,0.0
487,Nelson Bay,AU,2022-02-28 22:13:44,-32.7167,152.15,72.09,86,94,11.16
488,Colchester,GB,2022-02-28 22:13:45,51.8892,0.9042,46.92,90,100,12.68
489,Klaksvik,FO,2022-02-28 22:13:45,62.2266,-6.589,39.7,74,59,42.03
490,Nogliki,RU,2022-02-28 22:13:45,51.8333,143.1667,-1.98,96,100,6.49
491,Ithaca,US,2022-02-28 22:13:46,42.4406,-76.4966,22.01,77,86,1.99
492,Gambela,ET,2022-02-28 22:13:46,8.25,34.5833,83.03,54,98,5.17
493,Shache,CN,2022-02-28 22:13:47,38.4167,77.2406,38.48,34,91,5.06
494,Brokopondo,SR,2022-02-28 22:13:47,4.75,-55.1667,77.52,86,42,6.44
495,Ipubi,BR,2022-02-28 22:13:47,-7.6519,-40.1489,76.55,65,100,4.16
496,Nymburk,CZ,2022-02-28 22:13:48,50.1861,15.0417,29.41,62,6,5.17
497,Moussoro,TD,2022-02-28 22:13:48,13.6408,16.4901,75.36,10,3,11.39
498,Birobidzhan,RU,2022-02-28 22:13:49,48.8,132.95,-4.92,95,9,5.01
499,Coremas,BR,2022-02-28 22:13:49,-7.0144,-37.9458,84.56,47,100,4.56
500,Wattegama,LK,2022-02-28 22:13:49,6.7989,81.4808,73.35,78,96,5.66
501,Barra Do Garcas,BR,2022-02-28 22:13:50,-15.89,-52.2567,78.76,80,1,4.47
502,Taunggyi,MM,2022-02-28 22:13:50,20.7833,97.0333,52.56,36,26,1.48
503,San Marcos De Colon,HN,2022-02-28 22:13:51,13.4333,-86.8,80.33,42,96,8.68
504,Guadalupe Victoria,MX,2022-02-28 22:13:51,32.2869,-115.105,81.57,6,93,15.59
505,Iglesias,IT,2022-02-28 22:13:51,39.3114,8.535,40.78,81,52,2.93
506,Hanmer Springs,NZ,2022-02-28 22:13:52,-42.5167,172.8167,65.82,61,8,3.74
507,Cabedelo,BR,2022-02-28 22:13:52,-6.9811,-34.8339,80.94,75,28,14.09
508,Puerto Penasco,MX,2022-02-28 22:13:53,31.3167,-113.5333,68.92,54,100,7.0
509,Celestun,MX,2022-02-28 22:13:53,20.8667,-90.4,77.94,66,0,14.83
510,Ximei,CN,2022-02-28 22:13:54,24.9639,118.3794,60.35,88,49,2.75
511,Sterling,US,2022-02-28 22:11:03,39.0062,-77.4286,49.53,40,20,4.61
512,Grenaa,DK,2022-02-28 22:14:54,56.4158,10.8783,37.94,83,77,5.01
513,Vidim,RU,2022-02-28 22:14:54,56.4088,103.1106,16.07,92,100,10.71
514,Salalah,OM,2022-02-28 22:14:55,17.0151,54.0924,70.81,75,0,2.46
515,Harper,LR,2022-02-28 22:14:55,4.375,-7.7169,80.28,84,100,6.29
516,Imeni Poliny Osipenko,RU,2022-02-28 22:14:56,52.4201,136.4853,-30.71,99,19,1.72
517,Inuvik,CA,2022-02-28 22:14:56,68.3499,-133.7218,-5.73,90,7,6.91
518,Tezu,IN,2022-02-28 22:14:56,27.9167,96.1667,57.7,57,50,3.83
519,Birjand,IR,2022-02-28 22:14:57,32.8663,59.2211,49.53,63,29,6.4
520,Laguna,US,2022-02-28 22:14:57,38.421,-121.4238,69.89,44,50,5.21
521,Huilong,CN,2022-02-28 22:14:58,31.8111,121.655,49.96,95,100,9.1
522,La Romana,DO,2022-02-28 22:14:58,18.4273,-68.9728,79.61,68,50,7.36
523,Matagami,CA,2022-02-28 22:14:59,49.7502,-77.6328,9.12,85,100,3.78
524,Tallahassee,US,2022-02-28 22:11:34,30.4383,-84.2807,55.83,78,100,8.21
525,North Bend,US,2022-02-28 22:14:59,43.4065,-124.2243,57.33,81,100,20.98
526,Dabakala,CI,2022-02-28 22:15:00,8.3667,-4.4333,85.98,41,75,0.65
527,Sakakah,SA,2022-02-28 22:15:00,29.9697,40.2064,58.51,37,6,7.31
528,Goundam,ML,2022-02-28 22:15:01,16.4145,-3.6708,86.67,35,81,8.21
529,Manakara,MG,2022-02-28 22:15:01,-22.1333,48.0167,73.8,90,22,2.98
530,Ayan,RU,2022-02-28 22:15:02,56.45,138.1667,-0.06,69,100,8.95
531,Greenville,US,2022-02-28 22:15:03,35.6127,-77.3663,57.36,46,0,11.01
532,Cap-Aux-Meules,CA,2022-02-28 22:15:03,47.3821,-61.8597,7.02,79,83,21.88
533,Zalantun,CN,2022-02-28 22:15:04,48.0,122.7167,10.47,84,79,4.34
534,Sijunjung,ID,2022-02-28 22:15:04,-0.6876,100.9537,72.12,98,100,0.96
535,Naze,JP,2022-02-28 22:15:05,28.3667,129.4833,63.01,83,70,14.58
536,Korla,CN,2022-02-28 22:15:05,41.7597,86.1469,32.92,31,0,3.62
537,Qaqortoq,GL,2022-02-28 22:15:06,60.7167,-46.0333,9.19,85,96,3.62
538,Hauterive,FR,2022-02-28 22:15:07,46.0901,3.4459,36.36,86,0,0.78
539,Simao,CN,2022-02-28 22:15:08,22.7886,100.9748,51.78,52,0,0.6
540,Breyten,ZA,2022-02-28 22:15:08,-26.3018,29.987,56.73,81,99,2.53
541,Puruandiro,MX,2022-02-28 22:15:09,20.0833,-101.5,79.63,9,0,7.78
542,Sangin,AF,2022-02-28 22:15:09,32.0728,64.8359,56.77,48,3,2.19
543,Aksu,CN,2022-02-28 22:15:09,41.1231,80.2644,33.93,48,69,1.3
544,Jalu,LY,2022-02-28 22:15:10,29.0331,21.5482,65.88,26,50,6.29
545,Barnsley,GB,2022-02-28 22:15:10,53.55,-1.4833,43.68,89,100,6.49
546,Mogadishu,SO,2022-02-28 22:15:11,2.0371,45.3438,78.08,80,75,19.42
547,Tshikapa,CD,2022-02-28 22:15:11,-6.4167,20.8,71.65,93,60,1.36
548,Udachnyy,RU,2022-02-28 22:15:12,66.4167,112.4,-18.94,100,96,1.61
549,Ngorongoro,TZ,2022-02-28 22:15:12,-3.2397,35.4875,52.61,71,13,4.23
550,Palana,RU,2022-02-28 22:15:12,59.1167,159.9667,5.13,93,100,4.34
551,Tefe,BR,2022-02-28 22:15:13,-3.3542,-64.7114,78.91,94,40,3.44
552,Naustdal,NO,2022-02-28 22:15:13,61.509,5.7168,33.73,98,100,5.73
553,Kodinsk,RU,2022-02-28 22:15:14,58.6881,99.1844,8.56,92,67,7.94
554,Iralaya,HN,2022-02-28 22:15:14,15.0,-83.2333,82.49,67,0,9.98
555,Haimen,CN,2022-02-28 22:15:15,23.1935,116.6142,62.65,85,94,3.4
556,Lompoc,US,2022-02-28 22:15:15,34.6391,-120.4579,84.78,45,0,17.0
557,Estelle,US,2022-02-28 22:15:16,29.8458,-90.1067,64.04,34,0,10.29
558,Talen,IN,2022-02-28 22:16:16,23.5667,76.7167,63.34,33,0,6.87
559,Acarau,BR,2022-02-28 22:16:17,-2.8856,-40.12,80.83,78,88,16.49
560,Karasuk,RU,2022-02-28 22:16:17,53.7377,78.0403,2.34,100,99,5.41
561,Evanston,US,2022-02-28 22:16:18,42.0411,-87.6901,42.69,57,47,10.29
562,Waconia,US,2022-02-28 22:12:35,44.8508,-93.7869,45.01,100,67,6.89
563,Wewak,PG,2022-02-28 22:16:18,-3.5534,143.6268,76.05,90,100,4.36
564,Wuwei,CN,2022-02-28 22:16:19,37.9281,102.6414,21.81,43,1,2.98
565,Kabalo,CD,2022-02-28 22:16:06,-6.05,26.9167,70.5,92,81,1.97
566,Lishan,CN,2022-02-28 22:16:19,31.8576,113.2951,49.32,33,71,6.31
